Taxon and institutional vouchera,Locality ID,Collection localityb,Geographic coordinates/approximate location,Elevation (m),GenBank accession number
12S,16S,COI,c-myc
Genus Craugastor
  podiciferus group
C. cf. podiciferus
1. UTA A-52449,1,"Puntarenas, CR","(10°18′N, 84°48′W)",1520,EF562312,EF562365,None,EF562417
2. MVZ 149813,2,"Puntarenas, CR","(10°18′N, 84°42′W)",1500,EF562319,EF562373,EF562386,EF562430
3. FMNH 257669,1,"Puntarenas, CR","(10°18′N, 84°47′W)",1500,EF562320,EF562372,EF562380,EF562432
4. FMNH 257670,1,"Puntarenas, CR","(10°18′N, 84°47′W)",1500,EF562317,EF562336,EF562376,EF562421
5. FMNH 257671,1,"Puntarenas, CR","(10°18′N, 84°47′W)",1500,EF562314,EF562374,EF562409,None
6. FMNH 257672,1,"Puntarenas, CR","(10°18′N, 84°47′W)",1500,EF562318,None,EF562382,None
7. FMNH 257673,1,"Puntarenas, CR","(10°18′N, 84°47′W)",1500,EF562311,EF562343,EF562392,None
8. UCR 16361,3,"Alejuela, CR","(10°13′ N, 84°22′W)",1930,EF562321,EF562371,EF562375,EF562431
9. UCR 16353,4,"Heredia, CR","(10°12′N, 84°09′W)",1500,EF562313,EF562349,None,EF562420
10. UCR 16354,4,"Heredia, CR","(10°12′N, 84°09′W)",1500,EF562315,EF562363,None,EF562418
11. UCR 16355,4,"Heredia, CR","(10°12′N, 84°09′W)",1500,EF562316,EF562366,None,EF562419
12. UCR 18062,6,"Heredia, CR","(10°10′N, 84°06′W)",1900,EF562302,EF562342,EF562395,None
13. UCR 17439,5,"Heredia, CR","(10°09′N, 84°09′W)",2000,EF562298,EF562341,EF562387,EF562427
14. UCR 17441,5,"Heredia, CR","(10°09′N, 84°09′W)",2000,EF562299,EF562345,EF562388,EF562429
15. UCR 17442,5,"Heredia, CR","(10°09′N, 84°09′W)",2000,EF562300,EF562337,EF562385,EF562422
16. UCR 17443,5,"Heredia, CR","(10°09′N, 84°09′W)",2000,EF562301,EF562340,EF562384,EF562428
17. UCR 17462,5,"Heredia, CR","(10°09′N, 84°09′W)",2000,EF562309,EF562355,EF562406,EF562440
18. UCR 17469,5,"Heredia, CR","(10°09′N, 84°09′W)",2000,EF562310,EF562334,EF562405,EF562414
19. MVZ 164825,7,"Heredia, CR","(10° 05′N, 84° 04′W)",2100,EF562303,EF562346,EF562381,EF562423
20. UCR 16357,8,"San José, CR","(10°02′N, 83°57′W)",1600,EF562306,EF562339,EF562400,EF562433
21. UCR 16358,8,"San José, CR","(10°02′N, 83°57′W)",1600,EF562307,EF562370,EF562412,EF562415
22. UCR 16356,8,"San José, CR","(10°01′N, 83°56′W)",1940,EF562308,EF562329,None,None
23. UCR 16359,10,"San José, CR","(9°26′N, 83°41′W)",1313,EF562297,EF562369,EF562396,None
24. UCR 16360,10,"San José, CR","(9°26′N, 83°41′W)",1313,EF562296,EF562368,None,EF562434
25. FMNH 257595,9,"Cartago, CR","(9°44′N, 83°46′W)",1600,EF562304,EF562338,EF562408,None
26. FMNH 257596,9,"Cartago, CR","(9°44′N, 83°46′W)",1600,EF562305,EF562335,None,EF562416
27. FMNH 257550,11,"Puntarenas, CR","(8°47′N, 82°59′W)",1350,EF562294,EF562330,EF562393,EF562443
28. FMNH 257651,11,"Puntarenas, CR","(8°47′N, 82°59′W)",1350,EF562291,EF562367,EF562402,EF562435
29. FMNH 257652,11,"Puntarenas, CR","(8°47′N, 82°°59′W)",1350,EF562288,EF562364,EF562390,None
30. FMNH 257653,11,"Puntarenas, CR","(8°47′N, 82°59′W)",1350,EF562292,EF562354,EF562392,EF562438
31. FMNH 257755,11,"Puntarenas, CR","(8°46′N, 82°59′W)",1410,EF562289,EF562344,EF562379,None
32. FMNH 257756,11,"Puntarenas, CR","(8°46′N, 82°59′W)",1410,EF562290,EF562347,EF562377,EF562413
33. FMNH 257757,11,"Puntarenas, CR","(8°46′N, 82°59′W)",1410,EF562293,EF562352,EF562383,EF562437
34. FMNH 257758,11,"Puntarenas, CR","(8°46′N, 82°59′W)",1410,EF562295,EF562348,EF562397,EF562436

Craugastor sp. A
35. USNM 563039,12,"Chiriquí, PA","(8°48′N, 82°24′W)",1663,EF562284,EF562356,EF562389,EF562445
36. USNM 563040,12,"Chiriquí, PA","(8°48′N, 82°24′W)",1663,EF562285,EF562350,EF562391,EF562439
37. AJC 0890,12,"Chiriquí, PA","(8°48′N, 82°24′W)",1663,EF562282,EF562351,EF562398,EF562444
38. MVUP 1880,12,"Chiriquí, PA","(8°48′N, 82°24′W)",1663,EF562283,EF562358,EF562399,EF562442
39. FMNH 257689,12,"Chiriquí, PA","(8°45′N, 82°13′W)",1100,EF562287,EF562353,EF562407,EF562446
40. FMNH 257562,12,"Chiriquí, PA","(8°45′N, 82°13′W)",1100,EF562286,EF562357,EF562410,EF562441

C. underwoodi
41. USNM 561403,N/A,"Heredia, CR","(10°24′N, 84°03′W)",800,EF562323,EF562361,EF562378,None
42. UCR 16315,N/A,"Alejuela, CR","(10°13′N, 84°35′W)",960,EF562322,EF562362,EF562394,None

C. stejnegerianus,,,,,,,,∗
43. UCR 16332,N/A,"San José, CR","(9°18′N, 83°46′W)",900,EF562325,EF562360,EF562411,AY211320

C. bransfordii,,,,,,,,∗
44. MVUP 1875 fitzingeri group,N/A,"BDT, PA","(9°24′N, 82°17′W)",50,EF562324,EF562359,None,AY211304

C. tabasarae
45. MVUP 1720,N/A,"Coclé, PA","(8°40′N, 80°35′W)",800,EF562326,EF562332,EF562401,EF562424

C. cf. longirostris
46. FMNH 257561,N/A,"Chiriquí, PA","(8°45′N, 82°13′W)",1100,EF562327,EF562331,None,EF562426
47. FMNH 257678,N/A,"Chiriquí, PA","(8°45′N, 82°13′W)",1100,EF562328,EF562333,EF562404,EF562425

Locus,Primer,Use,Reference,Sequence (5′–3′)
12S,12SF,both,Bossuyt and Milinkovitch (2000),AAACTGGGATTAGATACCCCACTAT
12S,12SR,both,Liu et al. (2000),ACACACCGCCCGTCACCCTC
16S,16SAR,both,Kessing et al. (1989),CGCCTGTTTAYCAAAAACAT
16S,16SBR,both,Kessing et al. (1989),CCGGTCTGAACTCAGATCACGT
COI,COIF,both,Kessing et al. (1989),CCTGCAGGAGGAGGAGAYCC
COI,COIR,both,Kessing et al. (1989),AGTATAAGCGTCTGGGTAGTC
c-myc,cmyc1U,amp,Crawford (2003a),GAGGACATCTGGAARAARTT
c-myc,cmyc3L,amp,Crawford (2003a),GTCTTCCTCTTGTCRTTCTCYTC
c-myc,cmycseqF,seq,this study,TTCTGAATGCATTGACCCTTCGG
c-myc,cmycseqR,seq,this study,TTCTTCCTCATCTTCGTCTTCATCC

,BIC model selection,Likelihood ratio testing
Locus,n,Model,-lnL,BIC,χ2,df,p-value
Total data set (all taxa)
12S,380,SYM + G,1880.3461,3796.3333,91.6466,45,0.0000498∗
16S,357,GTR + I,1456.9196,2966.7388,44.7136,44,0.44168
COITOTAL,507,HKY + I + G,2963.5994,5964.5698,65.97378,36,0.0016833∗
COIposition1,169,K80 + G,580.5992,1171.4581,,,
COIposition2,169,TrN,372.6541,770.9576,,,
COIposition3,169,GTR + G,1712.8069,3471.7830,,,
c-myc,414,K80 + I,1123.6691,2259.3899,44.45174,34,0.10825
Total4-gene,1658,SYM + I + G,7757.1875,15566.2686,,,

Craugastor cf. podiciferus + Craugastor sp. A (only focal taxa)
12S,380,TrNef + G,1145.1263,2308.0732,52.266,38,0.061564
16S,357,HKY + G,887.4183,1804.2253,29.56436,37,0.80867
COITOTAL,507,HKY + G,1935.4519,3902.0464,41.2516,31,0.10317
c-myc,414,JC,868.0661,1736.1322,25.61098,29,0.64619

,Molecular clock rates per million years per lineage (my/l),Relaxed clock rates per my/l
,0.75%,0.57%,0.22%,(0.27–0.92%) constraint scheme 1,(0.14-0.30%) constraint scheme 2
Node (TMRCA),Mean,(95% HPD),Mean,(95% HPD),Mean,(95% HPD),Mean,(95% HPD),Mean,(95% HPD)
C. cf. podiciferus–C. cf. longirostris,19.28,"(16.82, 21.86)",24.72,"(21.38, 27.84)",65.37,"(56.72, 73.93)",18.79,"(10.39, 27.98)",46.78,"(36.86, 56.41)"
C. bransfordii–C. cf. podiciferus,12.48,"(10.82, 14.28)",16.02,"(13.81, 18.18)",42.29,"(36.64, 48.35)",15.21,"(7.04, 23.64)",38.44,"(24.98, 51.48)"
C. cf. podiciferus–Clade G,7.94,"(6.64, 9.08)",10.16,"(8.72, 11.81)",26.85,"(22.80, 31.01)",15.21,"(7.04, 23.64)",38.44,"(24.98, 51.48)"
C. cf. podiciferus (I and II),5.54,"(4.70, 6.40)",7.08,"(6.04, 8.18)",18.70,"(15.95, 21.65)",11.45,"(4.85, 19.08)",29.29,"(16.32, 42.11)"
Group I (crown age),4.88,"(4.18, 5.76)",6.25,"(5.34, 7.21)",16.51,"(14.11, 19.30)",9.00,"(3.61, 15.37)",23.40,"(12.69, 35.63)"
Clade A (crown age),0.44,"(0.24, 0.66)",0.55,"(0.29, 0.83)",1.48,"(0.81, 2.24)",2.05,"(0.28, 4.55)",5.10,"(0.80, 10.83)"
Clade B (crown age),1.10,"(0.60, 1.60)",1.41,"(0.82, 2.08)",3.71,"(2.11, 5.44)",3.54,"(0.80, 6.85)",8.18,"(2.50, 15.23)"
Clade C (crown age),0.90,"(0.56, 1.24)",1.14,"(0.72, 1.59)",3.01,"(1.90, 4.13)",3.02,"(0.66, 5.94)",7.52,"(2.30, 14.01)"
Clade D (crown age),0.70,"(0.40, 1.02)",0.90,"(0.53, 1.29)",2.40,"(1.35, 3.43)",2.38,"(0.54, 5.06)",6.21,"(1.02, 13.60)"
Clade E (crown age),0.22,"(0.04, 0.48)",0.28,"(0.03, 0.60)",0.76,"(0.08, 1.61)",1.00,"(0.02, 3.02)",2.47,"(0.05, 7.35)"
Clade F (crown age),0.60,"(0.40, 0.84)",0.76,"(0.48, 1.05)",2.01,"(1.29, 2.84)",2.63,"(0.55, 5.29)",6.40,"(1.62, 12.12)"
Clade G (crown age),0.94,"(0.60, 1.32)",1.21,"(0.78, 1.68)",3.23,"(1.98, 4.51)",3.93,"(0.86, 8.15)",9.18,"(2.58, 17.69)"

Locus,# of bases,# of focal taxa,# of haplotypes,Max.% divergence among focal taxa (%),Max.% divergence with outgroup (%)
12S,380,40,30,11,20
16S,357,39,24,7,16
COI,507,33,26,17,26
c-myc,414,31,22,5,8

